<?xml version="1.0" encoding="ISO-8859-1" standalone="no" ?>
<export-definition version="1.1" 
                   xsi:noNamespaceSchemaLocation="SmdPlmXmlCfg.xsd" 
                   xmlns:xsi="http://www.w3.org/2001/XMLSchema-instance">

        <global-settings>
           <option name="transformation" value="true"/>
           <option name="documents"      value="true"/>
           <option name="j2PbiDti"       value="true"/>
           <option name="handles"        value="true"/>
           <option name="location-type"  value="absolute"/>
        </global-settings>
		   
	<class-definitions>
	    <definition name="j0Elemnt">
	       <add name="Class"/>
	       <add name="PartNumber"/>
	       <add name="Nomenclature"/>
         <add name="Revision"/>
	       <add name="Sequence"/>
	       <add name="LifeCycleState"/>
	       <add name="ProjectName"/>
	       <add name="OwnerName"/>
         <add name="Superseded"/>
         <add name="j0Creator"/>
         <add name="CreationDate"/>
         <add name="j0Prototype"/>
         <add name="j0EngDateEffectiveFrom"/>
         <add name="j0RelDateEffectiveFrom"/>
	       <add name="j0ChangeDescription"/>
	    </definition>
	    
	    <definition name="j0GeoPrt" extends="j0Elemnt">
	       <add name="j0PackagingState"/>
	    </definition>
	    
	    <definition name="j0Part" extends="j0GeoPrt">
	       <add name="j0StatusP"/>
	       <add name="j0ffKf"/>
	       <add name="j0ZGSNumber"/>
	       <add name="j0WeightProg"/>
	       <add name="j0WeightReal"/>
	       <add name="j0Nomenclature_en_us"/>
         <add name="j0CPSurfProt"/>
         <add name="j0CertRel"/>
         <add name="j0SecRel"/>
	       <add name="j0StrcLv"/>
	       <add name="j0DMUrelevant"/>
	    </definition>

       <definition name="j0LiePrt" extends="j0Part">
          <add name="j0LieferantSnr"/>
       </definition>

	    <definition name="j0SDiaBR" extends="j0Elemnt">
	       <add name="j0DiaPosPosVNumber"/>
	       <add name="j0DynDiaNumber"/>
	    </definition>

	    <definition name="j0SDHMod" extends="j0Elemnt">
	       <add name="j0DiaPosPosVNumber"/>
	       <add name="j0DynDiaNumber"/>
	    </definition>

	    <definition name="j0SDMod" extends="j0Elemnt">
	       <add name="j0DiaPosPosVNumber"/>
	       <add name="j0DynDiaNumber"/>
	    </definition>

	    <definition name="j0SDSMod" extends="j0Elemnt">
	       <add name="j0DiaPosPosVNumber"/>
	       <add name="j0DynDiaNumber"/>
	    </definition>

	    <definition name="j0SDPos" extends="j0Elemnt">
	       <add name="j0DiaPosPosVNumber"/>
	       <add name="j0DynDiaNumber"/>
	    </definition>

	    <definition name="j0SDPosV" extends="j0Elemnt">
	       <add name="j0DynDiaNumber"/>
	       <add name="j0CodeRule"/>
	       <add name="j0AusArtCR"/>
	       <add name="j0Steer"/>
	    </definition>

	    <definition name="j0SDLage" extends="j0Elemnt">
	       <add name="j0DynDiaNumber"/>
	       <add name="j0CodeRule"/>
	       <add name="j0AusArtCR"/>
	    </definition>

	    <definition name="j0DiSPoV" extends="j0Elemnt">
	       <add name="j0CodeRule"/>
	       <add name="j0StrcLv"/>
	    </definition>
	    
	<!--***************************************************************************************************-->

	    <definition name="j2PbiDti">
	       <add name="j0RelCount"/>
	    </definition>

	    <definition name="AsRevRev">
	       <add name="Class"/>
	       <add name="j0CodeRule"/>
	       <add name="Remark"/>
	       <add name="j0RelCount"/>
	    </definition>
	    
	    <definition name="j2pPvRv" extends="AsRevRev">
	       <add name="j0PosVRelNr"/>
	    </definition>
	        
	<!--***************************************************************************************************-->

      <definition name="j0Cdi3D">
         <add name="Class"/>
         <add name="OwnerName"/>
         <add name="DataItemDesc"/>
         <add name="Sequence"/>
         <add name="ProjectName"/>
         <add name="OBID"/>
         <add name="j0CTModSnr"/>
         <add name="j0CTModNumber"/>
         <add name="j0CPModTyp"/>
         <add name="j0CPArea"/>
         <add name="j0CPMatAL"/>
         <add name="j0CPMatWEZ"/>
         <add name="j0Material2"/>
         <add name="j0WeightCalc"/>
         <add name="j0HasDCWeldInfo"/>
         <add name="j0CentreOfGravity_x"/>
         <add name="j0CentreOfGravity_y"/>
         <add name="j0CentreOfGravity_z"/>
         <add name="j0Ixx"/>
         <add name="j0Ixy"/>
         <add name="j0Iyy"/>
         <add name="j0Iyz"/>
         <add name="j0Izz"/>
         <add name="j0Ixz"/>
         <add name="j0Height"/>
         <add name="j0Creator"/>
      </definition>

      <definition name="j0CdiFil">
         <add name="Class"/>
      </definition>

      <definition name="JT">
         <add name="j0ConvVer"/>
      </definition>

	</class-definitions>
</export-definition>
