<?xml version="1.0" encoding="ISO-8859-1"?>
<?xml-stylesheet type="text/xsl" href="Download.xsl"?>

<SMD_SPEC xsi:noNamespaceSchemaLocation="Download.xsd"
   xmlns:xsi="http://www.w3.org/2001/XMLSchema-instance">

  <BATCH_PARAMS>
    <EMAIL_ADR_GSB>cad-betriebshotline.pcd@daimlerchrysler.com</EMAIL_ADR_GSB>
    <SMD_MODEL_CFG_FILE>/data/dmu/sys/config/SMD/SMDplus.modelname</SMD_MODEL_CFG_FILE>
    <SMD_NONCATIA_CFG_FILE>/data/dmu/sys/config/SMD/SMDplus.modelname2</SMD_NONCATIA_CFG_FILE>
    <SMD_XPPATH_PREFIX>\\emea.corpdir.net\emtc\CAD</SMD_XPPATH_PREFIX>
    <SMD_SHORTCUT_FILE>/data/dmu/sys/config/SMD/SMDplus.shortcut</SMD_SHORTCUT_FILE>
    <SMD_SET_CATIAV4ENV>FALSE</SMD_SET_CATIAV4ENV>
    <SMD_UPPERCASE_MODNAME>TRUE</SMD_UPPERCASE_MODNAME>
    <CREATE_PLMXML_FILE>TRUE</CREATE_PLMXML_FILE>
    <SMD_PLMXML_CFG>/data/dmu/sys/config/PLMXML/AS-PLM.xml</SMD_PLMXML_CFG>
    <KEEP_MODELLIST>FALSE</KEEP_MODELLIST>
    <CREATE_INST_FILE>FALSE</CREATE_INST_FILE>
    <PROJECT_SUBDIRS>TRUE</PROJECT_SUBDIRS>
    <REPLACE_PLUSMINUS>TRUE</REPLACE_PLUSMINUS>
    <REPLACE_APOSTROPH>TRUE</REPLACE_APOSTROPH>
    <SHOW_DYNATTR>TRUE</SHOW_DYNATTR>
    <SHOW_DYNATTR_MODEL>TRUE</SHOW_DYNATTR_MODEL>
  </BATCH_PARAMS>

  <DOWNLOAD>
    <DOWNLOAD_NAME>smd</DOWNLOAD_NAME>
    <FILEPATH_STRUCTURE>/tmp/BR223_ENG_O_PTR_ALL_GEO_GSP</FILEPATH_STRUCTURE>
    <FILENAME_PROT>/tmp/smd.txt</FILENAME_PROT>
    <PARTNUMBER>C223    040412</PARTNUMBER>
    <CLASS>ELM</CLASS>
    <VERSION></VERSION>
    <REFCONFIG>BR223_ENG_O_PTR_ALL_GEO_GSP</REFCONFIG>
    <REFCONFIG_PROJECT></REFCONFIG_PROJECT>
    <REFFILTER></REFFILTER>
    <REFFILTER_PROJECT></REFFILTER_PROJECT>
    <VIEW>SPR</VIEW>
    <CUSTOMER>Knorr</CUSTOMER>
    <DESCRIPTION></DESCRIPTION>
    <COMMENT>-</COMMENT>
    <DOWNLOAD_MODELS>FALSE</DOWNLOAD_MODELS>
    <DOWNLOAD_MAP>/data/dmu/geo/jt/tmp</DOWNLOAD_MAP>
    <DOWNLOAD_DERIVED_DATA>
      <DOWNLOAD_DIR type="JT" message="TRUE">/data/dmu/geo/jt/AS-PLM</DOWNLOAD_DIR>
    </DOWNLOAD_DERIVED_DATA>
  </DOWNLOAD>

</SMD_SPEC>
